pair_id,source_entity,target_entity,prefix,buildable_pad_rank,global_pad_rank,pad_value,domain_auc,summary_feature_mean_l2,pool_feature_mean_l2,target_pool_count,val_count,val_anomaly_count,val_anomaly_ratio,combined_auroc,source_auroc,best_nas_auroc,best_fixed_auroc,delta_combined_minus_source_auroc,delta_nas_minus_fixed_auroc,is_good,selected_strict_zero_fp,selected_paper_safe,selected_balanced,selected_broad
A-1__to__A-2,A-1,A-2,A,1,1,2.0,1.0,7.0972089767456055,8.87195110321045,12,12,2,0.16666666666666666,0.7,0.3,0.28,0.7,0.39999999999999997,-0.41999999999999993,False,False,False,False,True
A-1__to__A-3,A-1,A-3,A,2,2,2.0,1.0,6.528803825378418,8.732833862304688,12,13,3,0.23076923076923078,0.8173076923076923,0.6923076923076923,0.8173076923076923,0.7788461538461539,0.125,0.038461538461538436,True,False,False,False,True
A-1__to__A-5,A-1,A-5,A,3,3,2.0,1.0,14084.5927734375,20.39342498779297,8,8,1,0.125,0.0,0.0,0.0,0.0,0.0,0.0,False,False,False,False,False
A-1__to__A-6,A-1,A-6,A,4,4,2.0,1.0,20.42457389831543,20.828657150268555,8,9,1,0.1111111111111111,0.5,1.0,1.0,0.5,-0.5,0.5,False,False,False,False,False
A-2__to__A-1,A-2,A-1,A,5,8,2.0,1.0,2171717.5,93.14961242675781,13,15,2,0.13333333333333333,1.0,0.9661016949152542,1.0,0.9661016949152542,0.03389830508474578,0.03389830508474578,True,False,False,True,True
A-2__to__A-5,A-2,A-5,A,6,9,2.0,1.0,14082.7041015625,18.802753448486328,8,8,1,0.125,0.0,0.5,0.5,0.0,-0.5,0.5,False,False,False,False,False
A-2__to__A-6,A-2,A-6,A,7,10,2.0,1.0,19.13133430480957,19.444135665893555,8,9,1,0.1111111111111111,0.0,1.0,0.5,0.0,-1.0,0.5,False,False,False,False,False
A-3__to__A-1,A-3,A-1,A,8,14,2.0,1.0,2171717.5,93.22695922851562,13,15,2,0.13333333333333333,1.0,0.9661016949152542,1.0,0.9661016949152542,0.03389830508474578,0.03389830508474578,True,False,False,True,True
A-3__to__A-5,A-3,A-5,A,9,15,2.0,1.0,14082.7998046875,18.585390090942383,8,8,1,0.125,0.0,0.5,0.0,0.0,-0.5,0.0,False,False,False,False,False
A-3__to__A-6,A-3,A-6,A,10,16,2.0,1.0,18.96827507019043,19.289812088012695,8,9,1,0.1111111111111111,0.0,1.0,0.5,0.0,-1.0,0.5,False,False,False,False,False
A-4__to__A-1,A-4,A-1,A,11,18,2.0,1.0,2171717.5,93.38482666015625,13,15,2,0.13333333333333333,1.0,0.9661016949152542,1.0,0.0,0.03389830508474578,1.0,True,False,False,True,True
A-4__to__A-5,A-4,A-5,A,12,19,2.0,1.0,14082.916015625,18.766910552978516,8,8,1,0.125,0.0,0.5,0.01785714285714285,0.0,-0.5,0.01785714285714285,False,False,False,False,False
A-4__to__A-6,A-4,A-6,A,13,20,2.0,1.0,19.25042724609375,19.574533462524414,8,9,1,0.1111111111111111,1.0,1.0,1.0,1.0,0.0,0.0,False,False,False,False,False
A-5__to__A-1,A-5,A-1,A,14,23,2.0,1.0,2171718.75,92.64774322509766,13,15,2,0.13333333333333333,0.0,0.9661016949152542,1.0,0.0,-0.9661016949152542,1.0,False,False,False,False,True
A-5__to__A-3,A-5,A-3,A,15,24,2.0,1.0,10.998027801513672,11.11507797241211,12,13,3,0.23076923076923078,0.5096153846153846,0.34615384615384615,0.5096153846153846,0.5096153846153846,0.16346153846153844,0.0,False,False,False,False,True
A-5__to__A-6,A-5,A-6,A,16,25,2.0,1.0,12.891417503356934,13.245399475097656,8,9,1,0.1111111111111111,0.0,1.0,0.0,0.0,-1.0,0.0,False,False,False,False,False
A-6__to__A-1,A-6,A-1,A,17,28,2.0,1.0,2171718.75,94.14336395263672,13,15,2,0.13333333333333333,1.0,0.9661016949152542,0.016949152542372836,1.0,0.03389830508474578,-0.9830508474576272,False,False,False,False,True
A-6__to__A-2,A-6,A-2,A,18,29,2.0,1.0,11.14307689666748,11.126500129699707,12,12,2,0.16666666666666666,0.64,0.31,0.66,0.64,0.33,0.020000000000000018,True,False,False,False,True
A-6__to__A-5,A-6,A-5,A,19,30,2.0,1.0,14083.1318359375,14.376090049743652,8,8,1,0.125,0.5,0.5,0.5,0.5,0.0,0.0,False,False,False,False,False
A-7__to__A-1,A-7,A-1,A,20,33,2.0,1.0,2171718.75,94.06073760986328,13,15,2,0.13333333333333333,1.0,0.9661016949152542,0.05084745762711862,1.0,0.03389830508474578,-0.9491525423728814,False,False,False,False,True
A-7__to__A-4,A-7,A-4,A,21,34,2.0,1.0,15.456104278564453,15.128279685974121,12,13,1,0.07692307692307693,0.4423076923076923,0.47115384615384615,0.4423076923076923,0.6538461538461539,-0.028846153846153855,-0.21153846153846156,False,False,False,True,True
A-7__to__A-5,A-7,A-5,A,22,35,2.0,1.0,14082.7080078125,6.967860698699951,8,8,1,0.125,0.5,0.5,0.5,0.5,0.0,0.0,False,False,False,False,False
A-7__to__A-6,A-7,A-6,A,23,36,2.0,1.0,8.0006103515625,8.724189758300781,8,9,1,0.1111111111111111,1.0,1.0,1.0,1.0,0.0,0.0,False,False,False,False,False
A-8__to__A-1,A-8,A-1,A,24,37,2.0,1.0,2171718.75,94.57279205322266,13,15,2,0.13333333333333333,1.0,0.9661016949152542,1.0,1.0,0.03389830508474578,0.0,False,False,False,False,True
A-8__to__A-4,A-8,A-4,A,25,38,2.0,1.0,19.35297393798828,18.982799530029297,12,13,1,0.07692307692307693,0.8173076923076923,0.24038461538461536,0.8173076923076923,0.14423076923076922,0.5769230769230769,0.6730769230769231,True,False,False,True,True
A-8__to__A-6,A-8,A-6,A,26,39,2.0,1.0,14.261377334594727,14.684385299682617,8,9,1,0.1111111111111111,1.0,1.0,1.0,0.0,0.0,1.0,False,False,False,False,False
A-9__to__A-1,A-9,A-1,A,27,42,2.0,1.0,2171718.75,94.73065948486328,13,15,2,0.13333333333333333,1.0,0.9661016949152542,1.0,0.9661016949152542,0.03389830508474578,0.03389830508474578,True,False,False,False,True
A-9__to__A-2,A-9,A-2,A,28,43,2.0,1.0,19.271398544311523,18.0479736328125,12,12,2,0.16666666666666666,0.7,0.51,0.65,0.7,0.18999999999999995,-0.04999999999999993,False,False,False,True,True
A-9__to__A-4,A-9,A-4,A,29,44,2.0,1.0,19.353445053100586,18.981042861938477,12,13,1,0.07692307692307693,0.375,0.3076923076923077,0.41346153846153844,0.375,0.06730769230769229,0.038461538461538436,True,False,False,True,True
A-9__to__A-5,A-9,A-5,A,30,45,2.0,1.0,14082.9345703125,14.608909606933594,8,8,1,0.125,0.0,0.5,0.0,0.0,-0.5,0.0,False,False,False,False,False
A-9__to__A-6,A-9,A-6,A,31,46,2.0,1.0,14.31213092803955,14.747050285339355,8,9,1,0.1111111111111111,0.5,1.0,0.5,0.5,-0.5,0.0,False,False,False,False,False
D-1__to__D-11,D-1,D-11,D,32,49,2.0,1.0,8623502.0,18.39246940612793,11,12,2,0.16666666666666666,1.0,0.0,1.0,0.9148936170212766,1.0,0.08510638297872342,True,False,False,True,True
D-1__to__D-13,D-1,D-13,D,33,51,2.0,1.0,116992144.0,18.27776527404785,11,9,2,0.2222222222222222,0.2777777777777778,0.25,0.25,0.2777777777777778,0.02777777777777779,-0.02777777777777779,False,False,False,False,False
D-1__to__D-5,D-1,D-5,D,34,53,2.0,1.0,5745994.0,18252706.0,11,10,1,0.1,0.0,0.0,0.0,0.0,0.0,0.0,False,False,False,False,False
D-1__to__D-6,D-1,D-6,D,35,54,2.0,1.0,5601117.5,8365820.5,12,11,2,0.18181818181818182,0.2272727272727273,0.5681818181818181,0.5,0.2272727272727273,-0.34090909090909083,0.2727272727272727,False,False,False,False,False
D-11__to__D-13,D-11,D-13,D,36,57,2.0,1.0,116992136.0,5.131135940551758,11,9,2,0.2222222222222222,0.75,0.25,0.25,0.75,0.5,-0.5,False,False,False,False,False
D-11__to__D-5,D-11,D-5,D,37,59,2.0,0.9999999999999999,5745996.5,18252708.0,11,10,1,0.1,0.19047619047619047,0.0,0.19047619047619047,0.0,0.19047619047619047,0.19047619047619047,True,False,False,False,False
D-11__to__D-6,D-11,D-6,D,38,60,2.0,1.0,5601120.0,8365822.0,12,11,2,0.18181818181818182,0.045454545454545414,0.75,0.045454545454545414,0.1477272727272727,-0.7045454545454546,-0.10227272727272729,False,False,False,False,False
D-13__to__D-11,D-13,D-11,D,39,313,2.0,1.0,8623506.0,1.632525086402893,11,12,2,0.16666666666666666,0.0,0.0,0.0,0.0,0.0,0.0,False,False,False,False,False
D-13__to__D-3,D-13,D-3,D,40,315,2.0,1.0,2488351.0,21.711322784423828,13,11,10,0.9090909090909091,0.5813953488372093,0.046511627906976744,0.046511627906976744,0.5813953488372093,0.5348837209302326,-0.5348837209302326,False,False,False,False,False
D-13__to__D-5,D-13,D-5,D,41,317,2.0,1.0,5745996.5,18252708.0,11,10,1,0.1,0.0,0.0,0.9523809523809523,0.0,0.0,0.9523809523809523,False,False,False,False,False
D-13__to__D-6,D-13,D-6,D,42,318,2.0,1.0,5601120.0,8365822.0,12,11,2,0.18181818181818182,0.022727272727272707,0.2727272727272727,0.6363636363636364,0.022727272727272707,-0.25,0.6136363636363636,False,False,False,False,False
D-2__to__D-13,D-2,D-13,D,43,323,2.0,1.0,116992128.0,19.03421974182129,11,9,2,0.2222222222222222,0.75,0.25,0.75,0.75,0.5,0.0,False,False,False,False,False
D-2__to__D-5,D-2,D-5,D,44,324,2.0,1.0,5745995.5,18252708.0,11,10,1,0.1,0.9523809523809523,0.0,0.9523809523809523,0.9523809523809523,0.9523809523809523,0.0,False,False,False,False,False
D-2__to__D-6,D-2,D-6,D,45,325,2.0,1.0,5601118.5,8365822.0,12,11,2,0.18181818181818182,0.43181818181818177,0.4772727272727273,0.4772727272727273,0.43181818181818177,-0.045454545454545525,0.045454545454545525,False,False,False,False,False
D-2__to__D-8,D-2,D-8,D,46,326,2.0,1.0,1693751.625,19.22712516784668,12,13,2,0.15384615384615385,0.4326923076923077,0.5,0.5,0.4326923076923077,-0.06730769230769229,0.06730769230769229,False,False,False,True,True
D-3__to__D-11,D-3,D-11,D,47,328,2.0,1.0,8623499.0,19.421979904174805,11,12,2,0.16666666666666666,1.0,0.0,1.0,1.0,1.0,0.0,False,False,False,True,True
D-3__to__D-5,D-3,D-5,D,48,329,2.0,1.0,5745995.0,18252708.0,11,10,1,0.1,0.9523809523809524,0.0,0.9523809523809523,0.9523809523809524,0.9523809523809524,-1.1102230246251565e-16,False,False,False,False,False
D-4__to__D-13,D-4,D-13,D,49,331,2.0,1.0,116992128.0,19.196577072143555,11,9,2,0.2222222222222222,0.20833333333333334,0.25,0.75,0.20833333333333334,-0.04166666666666666,0.5416666666666666,False,False,False,False,False
D-4__to__D-5,D-4,D-5,D,50,332,2.0,1.0,5745995.0,18252708.0,11,10,1,0.1,0.9523809523809523,0.0,0.9523809523809523,0.9523809523809523,0.9523809523809523,0.0,False,False,False,False,False
D-5__to__D-13,D-5,D-13,D,51,334,2.0,1.0,116992128.0,18.741880416870117,11,9,2,0.2222222222222222,0.75,0.25,0.75,0.75,0.5,0.0,False,False,False,False,False
D-5__to__D-6,D-5,D-6,D,52,335,2.0,1.0,5601120.0,8365822.0,12,11,2,0.18181818181818182,0.3977272727272727,0.7272727272727273,0.09090909090909094,0.3977272727272727,-0.3295454545454546,-0.30681818181818177,False,False,False,False,False
D-5__to__D-8,D-5,D-8,D,53,336,2.0,1.0,1693751.625,18.93217658996582,12,13,2,0.15384615384615385,0.4519230769230769,0.5,0.5,0.4519230769230769,-0.04807692307692307,0.04807692307692307,False,False,False,True,True
D-6__to__D-11,D-6,D-11,D,54,337,2.0,1.0,8623502.0,18.458904266357422,11,12,2,0.16666666666666666,1.0,0.0,1.0,0.0,1.0,1.0,True,False,False,True,True
D-6__to__D-13,D-6,D-13,D,55,339,2.0,1.0,116992128.0,18.289915084838867,11,9,2,0.2222222222222222,0.2222222222222222,0.25,0.5,0.2222222222222222,-0.02777777777777779,0.2777777777777778,False,False,False,False,False
D-6__to__D-5,D-6,D-5,D,56,340,2.0,1.0,5745996.5,18252708.0,11,10,1,0.1,0.9285714285714286,0.0,0.9285714285714286,0.9523809523809524,0.9285714285714286,-0.023809523809523836,False,False,False,False,False
D-6__to__D-8,D-6,D-8,D,57,341,2.0,1.0,1693751.625,18.484907150268555,12,13,2,0.15384615384615385,0.5,0.5,0.5,0.5,0.0,0.0,False,False,False,True,True
D-7__to__D-13,D-7,D-13,D,58,345,2.0,1.0,116992128.0,18.240198135375977,11,9,2,0.2222222222222222,0.25,0.25,0.75,0.25,0.0,0.5,False,False,False,False,False
D-7__to__D-5,D-7,D-5,D,59,346,2.0,1.0,5745992.5,18252706.0,11,10,1,0.1,0.0,0.0,0.0,0.0,0.0,0.0,False,False,False,False,False
D-7__to__D-6,D-7,D-6,D,60,347,2.0,1.0,5601116.0,8365819.5,12,11,2,0.18181818181818182,0.7954545454545454,0.6818181818181819,0.7954545454545454,0.8636363636363636,0.11363636363636354,-0.06818181818181823,False,False,False,False,False
D-7__to__D-8,D-7,D-8,D,61,348,2.0,1.0,1693749.0,18.4291934967041,12,13,2,0.15384615384615385,0.4326923076923077,0.5,0.5,0.4326923076923077,-0.06730769230769229,0.06730769230769229,False,False,False,False,True
D-8__to__D-3,D-8,D-3,D,62,352,2.0,1.0,2488351.0,14.555370330810547,13,11,10,0.9090909090909091,0.0,0.046511627906976744,0.0,0.0,-0.046511627906976744,0.0,False,False,False,False,False
D-8__to__D-5,D-8,D-5,D,63,353,2.0,1.0,5745995.5,18252708.0,11,10,1,0.1,0.0,0.0,0.0,0.0,0.0,0.0,False,False,False,False,False
D-9__to__D-11,D-9,D-11,D,64,356,2.0,1.0,8623504.0,7.501430034637451,11,12,2,0.16666666666666666,0.0,0.0,0.0,0.0,0.0,0.0,False,False,False,False,True
D-9__to__D-13,D-9,D-13,D,65,358,2.0,1.0,116992128.0,7.232694625854492,11,9,2,0.2222222222222222,0.20833333333333334,0.25,0.75,0.20833333333333334,-0.04166666666666666,0.5416666666666666,False,False,False,False,False
D-9__to__D-5,D-9,D-5,D,66,359,2.0,1.0,5745994.0,18252706.0,11,10,1,0.1,0.9523809523809524,0.0,1.0,0.9523809523809524,0.9523809523809524,0.04761904761904756,True,False,False,False,False
D-9__to__D-6,D-9,D-6,D,67,360,2.0,1.0,5601117.5,8365819.5,12,11,2,0.18181818181818182,0.28409090909090906,0.6818181818181819,0.28409090909090906,0.28409090909090906,-0.3977272727272728,0.0,False,False,False,False,False
E-1__to__E-2,E-1,E-2,E,68,361,2.0,1.0,1859071.625,6.171087741851807,13,9,8,0.8888888888888888,0.45170454545454547,0.08238636363636363,0.11647727272727272,0.45170454545454547,0.3693181818181818,-0.33522727272727276,False,False,False,False,False
E-1__to__E-6,E-1,E-6,E,69,62,2.0,1.0,1606237.875,8.050408363342285,12,10,2,0.2,0.8717948717948718,0.9743589743589745,0.8205128205128205,0.8717948717948718,-0.10256410256410264,-0.05128205128205132,False,False,False,False,False
E-10__to__E-2,E-10,E-2,E,70,63,2.0,1.0,1859071.625,6.157167434692383,13,9,8,0.8888888888888888,0.2215909090909091,0.5170454545454546,0.5568181818181819,0.2215909090909091,-0.2954545454545455,0.3352272727272728,False,False,False,False,False
E-10__to__E-6,E-10,E-6,E,71,66,2.0,1.0,1606237.875,8.023969650268555,12,10,2,0.2,0.9743589743589743,0.9743589743589745,0.8974358974358975,0.9743589743589743,-1.1102230246251565e-16,-0.07692307692307687,False,False,False,False,False
E-11__to__E-2,E-11,E-2,E,72,67,2.0,1.0,1859071.625,6.156188011169434,13,9,8,0.8888888888888888,0.9232954545454545,0.7585227272727273,0.44318181818181823,0.9232954545454545,0.16477272727272718,-0.48011363636363624,False,False,False,False,False
E-11__to__E-6,E-11,E-6,E,73,70,2.0,1.0,1606237.875,8.031256675720215,12,10,2,0.2,0.02564102564102566,0.9743589743589743,0.2564102564102564,0.02564102564102566,-0.9487179487179487,0.23076923076923073,False,False,False,False,False
E-11__to__E-7,E-11,E-7,E,74,71,2.0,1.0,1645735.5,8.84677791595459,12,10,3,0.3,0.7521367521367521,0.9572649572649573,0.8632478632478633,0.7521367521367521,-0.20512820512820518,0.11111111111111116,False,False,False,False,False
E-12__to__E-2,E-12,E-2,E,75,72,2.0,1.0,1859071.625,6.15593147277832,13,9,8,0.8888888888888888,0.1903409090909091,0.6505681818181819,0.11647727272727271,0.1903409090909091,-0.4602272727272728,-0.07386363636363638,False,False,False,False,False
E-12__to__E-6,E-12,E-6,E,76,75,2.0,1.0,1606237.875,8.03149127960205,12,10,2,0.2,0.9487179487179487,0.9743589743589743,0.6923076923076923,0.9487179487179487,-0.02564102564102566,-0.2564102564102564,False,False,False,False,False
E-12__to__E-7,E-12,E-7,E,77,76,2.0,1.0,1645735.5,8.846872329711914,12,10,3,0.3,0.9316239316239316,0.9401709401709402,0.9145299145299145,0.9316239316239316,-0.008547008547008517,-0.017094017094017144,False,False,False,False,False
E-13__to__E-2,E-13,E-2,E,78,77,2.0,1.0,1859069.125,9.312250137329102,13,9,8,0.8888888888888888,0.15625,0.0653409090909091,0.16761363636363635,0.15625,0.0909090909090909,0.011363636363636354,True,False,False,False,False
E-13__to__E-6,E-13,E-6,E,79,80,2.0,1.0,1606235.375,7.8598809242248535,12,10,2,0.2,0.02564102564102566,0.9743589743589743,0.6153846153846154,0.02564102564102566,-0.9487179487179487,0.5897435897435898,False,False,False,False,False
E-2__to__E-13,E-2,E-13,E,80,81,2.0,1.0,5888742.0,7722293.5,13,12,4,0.3333333333333333,0.40476190476190477,0.4353741496598639,0.40476190476190477,0.45068027210884354,-0.030612244897959107,-0.04591836734693877,False,False,False,False,True
E-2__to__E-6,E-2,E-6,E,81,84,2.0,1.0,1606237.875,7.726667404174805,12,10,2,0.2,0.9743589743589743,0.9743589743589743,0.6923076923076923,0.9743589743589743,0.0,-0.28205128205128205,False,False,False,False,False
E-4__to__E-13,E-4,E-13,E,82,85,2.0,1.0,5888742.0,7722293.5,13,12,4,0.3333333333333333,0.6071428571428572,0.5578231292517006,0.6071428571428572,0.6156462585034013,0.04931972789115657,-0.00850340136054406,False,False,False,False,True
E-4__to__E-6,E-4,E-6,E,83,87,2.0,1.0,1606237.875,7.734923362731934,12,10,2,0.2,0.9743589743589743,0.9743589743589742,0.02564102564102566,0.9743589743589743,1.1102230246251565e-16,-0.9487179487179487,False,False,False,False,False
E-5__to__E-2,E-5,E-2,E,84,88,2.0,1.0,1859071.625,6.545509338378906,13,9,8,0.8888888888888888,0.1534090909090909,0.5994318181818181,0.90625,0.1534090909090909,-0.4460227272727272,0.7528409090909091,False,False,False,False,False
E-5__to__E-6,E-5,E-6,E,85,91,2.0,1.0,1606237.875,7.732885360717773,12,10,2,0.2,0.02564102564102566,0.02564102564102566,0.5384615384615384,0.02564102564102566,0.0,0.5128205128205128,False,False,False,False,False
E-6__to__E-11,E-6,E-11,E,86,92,2.0,1.0,1619191.375,7.795971870422363,13,11,4,0.36363636363636365,0.8375,0.16875,0.84375,0.8375,0.66875,0.006249999999999978,True,False,False,False,False
E-6__to__E-2,E-6,E-2,E,87,93,2.0,1.0,1859071.625,6.263930320739746,13,9,8,0.8888888888888888,0.1335227272727273,0.8551136363636364,0.29261363636363635,0.1335227272727273,-0.7215909090909091,0.15909090909090906,False,False,False,False,False
E-7__to__E-1,E-7,E-1,E,88,96,2.0,1.0,1673164.375,7.913422107696533,13,11,4,0.36363636363636365,0.8333333333333334,0.7465277777777778,0.8333333333333334,0.7118055555555555,0.08680555555555558,0.1215277777777779,True,False,False,False,False
E-7__to__E-12,E-7,E-12,E,89,97,2.0,1.0,1673164.375,7.932918071746826,13,11,4,0.36363636363636365,0.6319444444444444,0.7638888888888888,0.4131944444444445,0.6319444444444444,-0.13194444444444442,-0.21874999999999994,False,False,False,False,False
E-7__to__E-2,E-7,E-2,E,90,98,2.0,1.0,1859071.625,6.185588359832764,13,9,8,0.8888888888888888,0.24147727272727273,0.6875,0.7471590909090908,0.24147727272727273,-0.4460227272727273,0.5056818181818181,False,False,False,False,False
E-7__to__E-6,E-7,E-6,E,91,101,2.0,1.0,1606237.875,8.23801326751709,12,10,2,0.2,0.8717948717948718,0.0,0.7948717948717949,0.8717948717948718,0.8717948717948718,-0.07692307692307687,False,False,False,False,False
E-8__to__E-13,E-8,E-13,E,92,102,2.0,1.0,5888742.0,7722293.5,13,12,4,0.3333333333333333,0.3877551020408163,0.4965986394557823,0.3877551020408163,0.5306122448979591,-0.108843537414966,-0.1428571428571428,False,False,False,False,True
E-8__to__E-5,E-8,E-5,E,93,104,2.0,1.0,1659336.5,8.39495849609375,12,9,3,0.3333333333333333,0.55,0.44285714285714284,0.5785714285714285,0.55,0.1071428571428572,0.02857142857142847,True,False,False,False,False
E-9__to__E-12,E-9,E-12,E,94,105,2.0,1.0,1673164.375,7.786999702453613,13,11,4,0.36363636363636365,0.32291666666666663,0.6527777777777778,0.2847222222222222,0.32291666666666663,-0.32986111111111116,-0.03819444444444442,False,False,False,False,False
E-9__to__E-2,E-9,E-2,E,95,106,2.0,1.0,1859071.625,6.199581623077393,13,9,8,0.8888888888888888,0.09374999999999999,0.5113636363636364,0.09374999999999999,0.5056818181818182,-0.41761363636363635,-0.41193181818181823,False,False,False,False,False
E-9__to__E-5,E-9,E-5,E,96,108,2.0,1.0,1659336.5,7.9928297996521,12,9,3,0.3333333333333333,0.44285714285714284,0.40714285714285714,0.6428571428571428,0.44285714285714284,0.0357142857142857,0.19999999999999996,True,False,False,False,False
E-9__to__E-6,E-9,E-6,E,97,109,2.0,1.0,1606237.875,8.175128936767578,12,10,2,0.2,0.9743589743589743,0.9743589743589745,0.02564102564102566,0.9743589743589743,-1.1102230246251565e-16,-0.9487179487179487,False,False,False,False,False
E-9__to__E-7,E-9,E-7,E,98,110,2.0,1.0,1645735.5,8.90789794921875,12,10,3,0.3,0.8547008547008547,0.9572649572649573,0.905982905982906,0.8547008547008547,-0.10256410256410264,0.05128205128205132,False,False,False,False,False
G-1__to__G-6,G-1,G-6,G,99,113,2.0,1.0,1550432.375,19.01717185974121,13,11,2,0.18181818181818182,0.7272727272727273,0.5,0.5,0.7272727272727273,0.2272727272727273,-0.2272727272727273,False,False,False,False,False
G-2__to__G-6,G-2,G-6,G,100,115,2.0,1.0,1550432.25,18.259721755981445,13,11,2,0.18181818181818182,0.5,0.5,0.5795454545454546,0.5,0.0,0.07954545454545459,False,False,False,False,False
G-3__to__G-2,G-3,G-2,G,101,116,2.0,1.0,3263486.5,8.250192642211914,11,13,1,0.07692307692307693,1.0,0.24000000000000005,1.0,1.0,0.76,0.0,False,False,False,False,True
G-3__to__G-6,G-3,G-6,G,102,118,2.0,1.0,1550431.25,19.468645095825195,13,11,2,0.18181818181818182,0.011363636363636354,0.5,0.5,0.011363636363636354,-0.48863636363636365,0.48863636363636365,False,False,False,False,False
G-4__to__G-2,G-4,G-2,G,103,119,2.0,1.0,3263486.5,11.875202178955078,11,13,1,0.07692307692307693,0.83,0.53,0.83,0.0,0.29999999999999993,0.83,True,False,False,False,True
G-4__to__G-3,G-4,G-3,G,104,120,2.0,1.0,7556174.0,16731644.0,12,14,2,0.14285714285714285,0.9181818181818182,0.8181818181818181,0.9181818181818182,0.3181818181818182,0.10000000000000009,0.6000000000000001,True,False,False,True,True
G-4__to__G-6,G-4,G-6,G,105,121,2.0,1.0,1550434.125,7.468747138977051,13,11,2,0.18181818181818182,0.5,0.5,0.5,0.5,0.0,0.0,False,False,False,False,False
G-4__to__G-7,G-4,G-7,G,106,122,2.0,1.0,19424318.0,6.396958351135254,12,16,3,0.1875,0.9482758620689655,0.7097701149425286,0.8735632183908046,0.9482758620689655,0.2385057471264369,-0.07471264367816088,False,False,False,False,False
G-6__to__G-3,G-6,G-3,G,107,123,2.0,1.0,7556174.0,16731644.0,12,14,2,0.14285714285714285,0.9090909090909091,0.6545454545454545,0.9090909090909091,0.2909090909090909,0.2545454545454545,0.6181818181818182,True,False,False,True,True
G-7__to__G-1,G-7,G-1,G,108,124,2.0,1.0,20.018230438232422,19.949859619140625,13,14,2,0.14285714285714285,0.06481481481481483,0.04629629629629628,0.06481481481481483,0.8611111111111112,0.018518518518518545,-0.7962962962962963,False,False,False,True,True
G-7__to__G-2,G-7,G-2,G,109,125,2.0,1.0,3263486.5,18.36591339111328,11,13,1,0.07692307692307693,1.0,0.43,1.0,1.0,0.5700000000000001,0.0,False,False,False,True,True
G-7__to__G-3,G-7,G-3,G,110,126,2.0,1.0,7556174.0,16731644.0,12,14,2,0.14285714285714285,0.5818181818181818,0.8181818181818181,0.6545454545454545,0.5818181818181818,-0.23636363636363633,0.07272727272727275,False,False,False,True,True
G-7__to__G-6,G-7,G-6,G,111,128,2.0,1.0,1550434.125,7.066583156585693,13,11,2,0.18181818181818182,0.8863636363636364,0.5909090909090908,0.8863636363636364,0.5,0.2954545454545455,0.38636363636363635,True,False,False,False,False
P-1__to__P-2,P-1,P-2,P,112,129,2.0,1.0,1912187.875,7.134777069091797,12,9,8,0.8888888888888888,0.8928571428571428,0.9553571428571428,0.8928571428571428,0.7678571428571428,-0.0625,0.125,False,False,False,False,False
P-1__to__P-7,P-1,P-7,P,113,130,2.0,1.0,16.977691650390625,18.53851318359375,12,10,8,0.8,0.9166666666666667,0.3333333333333333,0.9166666666666667,0.3500000000000001,0.5833333333333335,0.5666666666666667,True,True,False,False,False
P-2__to__P-3,P-2,P-3,P,114,131,2.0,1.0,1859071.625,8.617965698242188,13,10,8,0.8,0.12,0.12533333333333335,0.12,0.128,-0.005333333333333357,-0.008000000000000007,False,False,False,False,False
P-3__to__P-7,P-3,P-7,P,115,132,2.0,1.0,17.01300811767578,18.5153751373291,12,10,8,0.8,0.9976190476190475,0.761904761904762,0.9976190476190475,0.5833333333333333,0.23571428571428554,0.41428571428571426,True,True,False,False,False
P-4__to__P-1,P-4,P-1,P,116,133,2.0,1.0,5620946.5,15444591.0,13,16,6,0.375,0.35964912280701755,0.5939849624060151,0.5952380952380952,0.35964912280701755,-0.2343358395989975,0.23558897243107768,False,False,False,False,True
P-4__to__P-2,P-4,P-2,P,117,134,2.0,1.0,1912187.875,8.415494918823242,12,9,8,0.8888888888888888,0.9285714285714286,0.9672619047619047,0.8988095238095238,0.9285714285714286,-0.03869047619047605,-0.029761904761904767,False,False,False,False,False
P-4__to__P-7,P-4,P-7,P,118,135,2.0,1.0,16.94593048095703,18.433673858642578,12,10,8,0.8,0.6785714285714286,0.8785714285714286,0.6785714285714286,0.861904761904762,-0.19999999999999996,-0.18333333333333335,False,False,False,False,False
P-7__to__P-3,P-7,P-3,P,119,136,2.0,1.0,1859069.0,13.2299165725708,13,10,8,0.8,0.888,0.5253333333333332,0.01333333333333333,0.888,0.3626666666666668,-0.8746666666666667,False,False,False,False,False
P-7__to__P-4,P-7,P-4,P,120,137,2.0,1.0,5.895895004272461,15.054559707641602,12,21,5,0.23809523809523808,0.875,0.75,0.875,0.8734177215189873,0.125,0.0015822784810126667,True,True,False,True,True
T-1__to__T-3,T-1,T-3,T,121,138,2.0,1.0,2.8850505352020264,24.35909652709961,13,24,4,0.16666666666666666,0.7706093189964157,0.8028673835125448,0.7491039426523297,0.7706093189964157,-0.032258064516129115,-0.021505376344086002,False,False,False,True,True
T-2__to__T-1,T-2,T-1,T,122,139,2.0,1.0,18335968.0,7.500087738037109,13,20,13,0.65,0.823469387755102,0.2020408163265306,0.823469387755102,0.7040816326530611,0.6214285714285714,0.11938775510204092,True,False,False,False,True
T-2__to__T-3,T-2,T-3,T,123,140,2.0,1.0,5.739753723144531,18.892518997192383,13,24,4,0.16666666666666666,0.6989247311827956,0.7921146953405018,0.6989247311827956,0.7240143369175627,-0.0931899641577062,-0.02508960573476704,False,False,False,True,True
T-3__to__T-1,T-3,T-1,T,124,141,2.0,1.0,18335968.0,8.717318534851074,13,20,13,0.65,0.7775510204081634,0.5612244897959183,0.7775510204081634,0.7448979591836735,0.21632653061224505,0.032653061224489854,True,False,False,False,True
A-1__to__A-4,A-1,A-4,A,125,143,1.8518518518518516,1.0,7.382432460784912,10.465227127075195,12,13,1,0.07692307692307693,0.9134615384615384,0.9134615384615384,0.9326923076923077,0.9134615384615384,0.0,0.019230769230769273,False,False,False,False,True
D-2__to__D-11,D-2,D-11,D,126,363,1.8518518518518516,1.0,8623500.0,19.204286575317383,11,12,2,0.16666666666666666,1.0,0.0,1.0,0.5319148936170213,1.0,0.46808510638297873,True,False,False,False,True
D-3__to__D-6,D-3,D-6,D,127,364,1.8518518518518516,0.9945054945054945,5601118.0,8365822.0,12,11,2,0.18181818181818182,0.6818181818181818,0.2727272727272727,0.8863636363636364,0.6818181818181818,0.40909090909090906,0.20454545454545459,True,False,False,False,False
E-1__to__E-7,E-1,E-7,E,128,144,1.8518518518518516,1.0,1645735.5,8.865246772766113,12,10,3,0.3,0.9145299145299145,0.7948717948717948,0.9316239316239316,0.9145299145299145,0.11965811965811968,0.017094017094017144,True,False,False,False,False
E-13__to__E-7,E-13,E-7,E,129,145,1.8518518518518516,0.9945054945054945,1645733.125,8.57454776763916,12,10,3,0.3,0.7521367521367521,0.9145299145299145,0.24786324786324787,0.7521367521367521,-0.16239316239316237,-0.5042735042735043,False,False,False,False,False
E-3__to__E-13,E-3,E-13,E,130,146,1.8518518518518516,1.0,5888742.0,7722293.5,13,12,4,0.3333333333333333,0.4914965986394558,0.4625850340136054,0.4914965986394558,0.4523809523809524,0.028911564625850372,0.03911564625850339,True,False,False,False,True
E-3__to__E-2,E-3,E-2,E,131,147,1.8518518518518516,1.0,1859071.625,6.581198692321777,13,9,8,0.8888888888888888,0.11647727272727271,0.5056818181818181,0.4232954545454546,0.11647727272727271,-0.3892045454545454,0.3068181818181819,False,False,False,False,False
E-3__to__E-7,E-3,E-7,E,132,148,1.8518518518518516,0.9945054945054945,1645735.5,8.579103469848633,12,10,3,0.3,0.811965811965812,1.0,0.905982905982906,0.811965811965812,-0.18803418803418803,0.09401709401709402,False,False,False,False,False
E-4__to__E-2,E-4,E-2,E,133,149,1.8518518518518516,0.989010989010989,1859071.625,6.638327598571777,13,9,8,0.8888888888888888,0.17329545454545456,0.06534090909090909,0.17329545454545456,0.16477272727272724,0.10795454545454547,0.00852272727272732,True,False,False,False,False
E-5__to__E-9,E-5,E-9,E,134,150,1.8518518518518516,0.989010989010989,1673164.375,8.081964492797852,12,9,4,0.4444444444444444,0.6642857142857144,0.6928571428571428,0.6642857142857144,0.7,-0.02857142857142847,-0.03571428571428559,False,False,True,False,False
E-6__to__E-10,E-6,E-10,E,135,151,1.8518518518518516,1.0,1632355.5,7.7872748374938965,13,10,3,0.3,0.18461538461538465,0.3641025641025641,0.18461538461538465,0.9076923076923077,-0.17948717948717943,-0.7230769230769231,False,False,False,False,False
E-8__to__E-2,E-8,E-2,E,136,152,1.8518518518518516,1.0,1859071.625,6.585265636444092,13,9,8,0.8888888888888888,0.06818181818181818,0.6931818181818182,0.10795454545454541,0.06818181818181818,-0.625,0.03977272727272724,False,False,False,False,False
E-8__to__E-7,E-8,E-7,E,137,153,1.8518518518518516,0.989010989010989,1645735.5,8.46097469329834,12,10,3,0.3,0.8717948717948718,0.9572649572649573,0.7521367521367521,0.8717948717948718,-0.0854700854700855,-0.11965811965811968,False,False,False,False,False
E-9__to__E-10,E-9,E-10,E,138,154,1.8518518518518516,0.989010989010989,1632355.5,7.78852653503418,13,10,3,0.3,0.6512820512820513,0.35897435897435903,0.9282051282051282,0.6512820512820513,0.29230769230769227,0.27692307692307694,True,False,False,False,False
F-3__to__F-1,F-3,F-1,F,139,155,1.8518518518518516,1.0,16.798646926879883,19.507192611694336,13,12,2,0.16666666666666666,0.21276595744680848,0.9787234042553191,0.14893617021276595,0.21276595744680848,-0.7659574468085106,-0.06382978723404253,False,False,False,True,True
G-6__to__G-1,G-6,G-1,G,140,157,1.8518518518518516,0.9450549450549451,13.431502342224121,12.690921783447266,13,14,2,0.14285714285714285,0.42592592592592593,0.18518518518518523,0.24074074074074076,0.42592592592592593,0.2407407407407407,-0.18518518518518517,False,False,False,True,True
G-6__to__G-7,G-6,G-7,G,141,158,1.8518518518518516,1.0,19424316.0,8.162714004516602,12,16,3,0.1875,0.9913793103448276,0.6063218390804598,0.9770114942528736,0.9913793103448276,0.38505747126436785,-0.014367816091954033,False,False,False,False,True
A-7__to__A-2,A-7,A-2,A,142,159,1.8461538461538463,0.9940828402366865,15.302217483520508,13.565035820007324,12,12,2,0.16666666666666666,0.75,0.51,0.77,0.75,0.24,0.020000000000000018,True,False,False,True,True
A-7__to__A-3,A-7,A-3,A,143,160,1.8461538461538463,1.0,14.614643096923828,13.461993217468262,12,13,3,0.23076923076923078,0.8076923076923077,0.5288461538461537,0.625,0.8076923076923077,0.27884615384615397,-0.1826923076923077,False,False,False,True,True
D-4__to__D-11,D-4,D-11,D,144,366,1.8461538461538463,0.9230769230769231,8623499.0,19.363513946533203,11,12,2,0.16666666666666666,0.0,0.0,0.34042553191489366,0.0,0.0,0.34042553191489366,False,False,False,False,True
D-4__to__D-6,D-4,D-6,D,145,367,1.8461538461538463,1.0,5601118.5,8365822.0,12,11,2,0.18181818181818182,0.8636363636363636,0.5227272727272727,0.7045454545454546,0.8636363636363636,0.34090909090909094,-0.15909090909090906,False,False,False,False,False
D-4__to__D-8,D-4,D-8,D,146,368,1.8461538461538463,1.0,1693751.625,19.389198303222656,12,13,2,0.15384615384615385,0.5,0.5,0.5,0.5,0.0,0.0,False,False,False,False,True
E-7__to__E-11,E-7,E-11,E,147,163,1.8461538461538463,1.0,1619191.375,7.933631420135498,13,11,4,0.36363636363636365,0.8937499999999999,0.95625,0.14375,0.8937499999999999,-0.06250000000000011,-0.75,False,False,False,False,False
E-7__to__E-13,E-7,E-13,E,148,164,1.8461538461538463,1.0,5888742.0,15444590.0,13,11,6,0.5454545454545454,0.5048780487804878,0.4975609756097561,0.36097560975609755,0.5048780487804878,0.007317073170731714,-0.14390243902439026,False,False,False,False,False
E-7__to__E-8,E-7,E-8,E,149,165,1.8461538461538463,1.0,1673164.375,8.925740242004395,13,10,6,0.6,0.6261261261261262,0.7342342342342343,0.8198198198198199,0.6261261261261262,-0.10810810810810811,0.1936936936936937,False,False,False,False,False
F-2__to__F-1,F-2,F-1,F,150,166,1.8461538461538463,1.0,5.479070663452148,8.044389724731445,13,12,2,0.16666666666666666,0.3191489361702128,0.9148936170212766,0.3191489361702128,0.7234042553191489,-0.5957446808510638,-0.4042553191489361,False,False,False,False,True
F-2__to__F-3,F-2,F-3,F,151,167,1.8461538461538463,1.0,1593490.0,15.3345308303833,12,10,2,0.2,0.0,0.0,0.0,0.0,0.0,0.0,False,False,False,False,False
G-1__to__G-2,G-1,G-2,G,152,168,1.8461538461538463,1.0,3263486.5,6.674749374389648,11,13,1,0.07692307692307693,1.0,0.4,0.9400000000000001,1.0,0.6,-0.05999999999999994,False,False,False,False,False
G-1__to__G-3,G-1,G-3,G,153,169,1.8461538461538463,1.0,7556174.0,16731644.0,12,14,2,0.14285714285714285,0.35454545454545455,0.8181818181818181,0.49090909090909096,0.35454545454545455,-0.46363636363636357,0.1363636363636364,False,False,False,False,True
G-1__to__G-7,G-1,G-7,G,154,170,1.8461538461538463,0.9230769230769231,19424310.0,18.619142532348633,12,16,3,0.1875,0.9109195402298851,0.7126436781609196,0.03448275862068967,0.9109195402298851,0.19827586206896552,-0.8764367816091954,False,False,False,True,True
P-1__to__P-3,P-1,P-3,P,155,171,1.8461538461538463,1.0,1859071.625,7.578214168548584,13,10,8,0.8,0.05333333333333334,0.10133333333333333,0.20266666666666666,0.05333333333333334,-0.047999999999999994,0.14933333333333332,False,False,False,False,False
P-1__to__P-4,P-1,P-4,P,156,172,1.8461538461538463,1.0,17.200035095214844,6.494394779205322,12,21,5,0.23809523809523808,0.875,0.75,0.875,0.875,0.125,0.0,False,False,False,False,False
P-2__to__P-7,P-2,P-7,P,157,173,1.8461538461538463,1.0,17.190095901489258,18.675399780273438,12,10,8,0.8,0.888095238095238,0.035714285714285726,0.888095238095238,0.9642857142857143,0.8523809523809524,-0.07619047619047625,False,False,False,False,False
P-3__to__P-1,P-3,P-1,P,158,174,1.8461538461538463,1.0,5620945.5,15444591.0,13,16,6,0.375,0.39223057644110276,0.6516290726817042,0.6791979949874687,0.39223057644110276,-0.25939849624060146,0.2869674185463659,False,False,False,False,True
P-3__to__P-4,P-3,P-4,P,159,175,1.8461538461538463,1.0,17.216350555419922,6.6541428565979,12,21,5,0.23809523809523808,0.75,0.75,0.75,0.875,0.0,-0.125,False,False,False,False,False
P-7__to__P-1,P-7,P-1,P,160,176,1.8461538461538463,1.0,5620949.5,15444594.0,13,16,6,0.375,0.612781954887218,0.4887218045112782,0.6779448621553884,0.612781954887218,0.12406015037593976,0.06516290726817042,True,False,False,False,True
D-7__to__D-11,D-7,D-11,D,161,372,1.8333333333333335,0.9166666666666666,8623501.0,18.41028594970703,11,12,2,0.16666666666666666,0.0,0.0,0.0,0.0,0.0,0.0,False,False,False,False,True
D-8__to__D-11,D-8,D-11,D,162,373,1.8333333333333335,1.0,8623504.0,8.200043678283691,11,12,2,0.16666666666666666,0.0,0.0,0.0,0.0,0.0,0.0,False,False,False,False,True
D-8__to__D-13,D-8,D-13,D,163,374,1.8333333333333335,1.0,116992128.0,7.938529968261719,11,9,2,0.2222222222222222,0.75,0.25,0.25,0.75,0.5,-0.5,False,False,False,False,False
D-8__to__D-6,D-8,D-6,D,164,376,1.8333333333333335,1.0,5601119.0,8365822.0,12,11,2,0.18181818181818182,0.31818181818181823,0.6363636363636364,0.09090909090909094,0.31818181818181823,-0.3181818181818181,-0.2272727272727273,False,False,False,False,False
D-9__to__D-3,D-9,D-3,D,165,378,1.8333333333333335,0.9861111111111112,2488348.75,16.519729614257812,13,11,10,0.9090909090909091,0.813953488372093,0.046511627906976744,0.813953488372093,0.0,0.7674418604651163,0.813953488372093,True,False,False,False,False
D-9__to__D-8,D-9,D-8,D,166,381,1.8333333333333335,0.923611111111111,1693749.0,7.418707370758057,12,13,2,0.15384615384615385,0.5,0.5,0.5,0.5,0.0,0.0,False,False,False,False,True
G-3__to__G-7,G-3,G-7,G,167,182,1.8333333333333335,1.0,19424310.0,19.132545471191406,12,16,3,0.1875,0.9626436781609196,0.22413793103448273,0.9626436781609196,0.9568965517241379,0.7385057471264368,0.005747126436781658,True,False,False,True,True
P-4__to__P-3,P-4,P-3,P,168,183,1.8333333333333335,0.9930555555555555,1859071.625,7.939415454864502,13,10,8,0.8,0.06666666666666667,0.104,0.672,0.06666666666666667,-0.03733333333333333,0.6053333333333334,False,False,False,False,False
G-2__to__G-3,G-2,G-3,G,169,184,1.8260869565217392,1.0,7556174.0,16731644.0,12,14,2,0.14285714285714285,0.7909090909090909,0.8,0.7909090909090909,0.4727272727272728,-0.00909090909090915,0.3181818181818181,False,False,False,False,True
G-4__to__G-1,G-4,G-1,G,170,185,1.8260869565217392,0.9469696969696969,14.531564712524414,13.763357162475586,13,14,2,0.14285714285714285,0.46296296296296297,0.037037037037037035,0.9351851851851851,0.46296296296296297,0.42592592592592593,0.47222222222222215,True,False,False,True,True
D-13__to__D-8,D-13,D-8,D,171,382,1.7142857142857144,0.8571428571428571,1693751.625,0.47959497570991516,12,13,2,0.15384615384615385,0.5,0.5,0.5,0.5,0.0,0.0,False,False,False,False,False
D-3__to__D-8,D-3,D-8,D,172,384,1.7037037037037037,1.0,1693751.625,19.445343017578125,12,13,2,0.15384615384615385,0.5,0.5,0.5,0.5,0.0,0.0,False,False,False,False,True
E-1__to__E-9,E-1,E-9,E,173,186,1.7037037037037037,0.923076923076923,1673164.375,7.753439426422119,12,9,4,0.4444444444444444,0.6928571428571428,0.5142857142857142,0.6928571428571428,0.22142857142857145,0.1785714285714286,0.4714285714285714,True,False,True,False,False
E-10__to__E-7,E-10,E-7,E,174,187,1.7037037037037037,1.0,1645735.5,8.845026016235352,12,10,3,0.3,0.7521367521367521,0.9401709401709402,0.7094017094017093,0.7521367521367521,-0.18803418803418803,-0.042735042735042805,False,False,False,False,False
E-10__to__E-9,E-10,E-9,E,175,188,1.7037037037037037,1.0,1673164.375,7.717761039733887,12,9,4,0.4444444444444444,0.7142857142857144,0.6214285714285714,0.7142857142857144,0.30714285714285716,0.09285714285714297,0.40714285714285725,True,False,True,False,False
E-11__to__E-8,E-11,E-8,E,176,189,1.7037037037037037,0.989010989010989,1673164.375,8.614485740661621,13,10,6,0.6,0.6711711711711712,0.5855855855855856,0.48198198198198194,0.6711711711711712,0.0855855855855856,-0.18918918918918926,False,False,False,False,False
E-11__to__E-9,E-11,E-9,E,177,190,1.7037037037037037,0.967032967032967,1673164.375,7.716583728790283,12,9,4,0.4444444444444444,0.692857142857143,0.6785714285714286,0.692857142857143,0.22142857142857142,0.014285714285714346,0.47142857142857153,True,False,True,False,False
E-2__to__E-7,E-2,E-7,E,178,191,1.7037037037037037,0.9835164835164835,1645735.5,8.427607536315918,12,10,3,0.3,0.7008547008547008,0.7606837606837606,0.8461538461538461,0.7008547008547008,-0.05982905982905984,0.14529914529914534,False,False,False,False,False
E-4__to__E-7,E-4,E-7,E,179,193,1.7037037037037037,0.9560439560439561,1645735.5,8.438632011413574,12,10,3,0.3,0.9487179487179487,0.923076923076923,0.09401709401709402,0.9487179487179487,0.02564102564102566,-0.8547008547008547,False,False,False,False,False
E-5__to__E-7,E-5,E-7,E,180,194,1.7037037037037037,1.0,1645735.5,8.459505081176758,12,10,3,0.3,0.7435897435897435,0.9145299145299145,0.717948717948718,0.7435897435897435,-0.170940170940171,-0.02564102564102555,False,False,False,False,False
E-5__to__E-8,E-5,E-8,E,181,195,1.7037037037037037,1.0,1673164.375,8.2655668258667,13,10,6,0.6,0.5675675675675675,0.7432432432432433,0.5675675675675675,0.5945945945945946,-0.17567567567567577,-0.027027027027027084,False,False,False,False,False
E-6__to__E-1,E-6,E-1,E,182,196,1.7037037037037037,0.9505494505494506,1673164.375,7.773279190063477,13,11,4,0.36363636363636365,0.6319444444444444,0.7604166666666666,0.6354166666666666,0.6319444444444444,-0.1284722222222222,0.00347222222222221,False,False,False,False,False
E-6__to__E-12,E-6,E-12,E,183,197,1.7037037037037037,0.9230769230769231,1673164.375,7.794741153717041,13,11,4,0.36363636363636365,0.3645833333333333,0.7777777777777778,0.6840277777777778,0.3645833333333333,-0.4131944444444445,0.3194444444444445,False,False,False,False,False
E-6__to__E-7,E-6,E-7,E,184,198,1.7037037037037037,0.9340659340659341,1645735.5,8.869701385498047,12,10,3,0.3,0.923076923076923,0.8461538461538461,0.7863247863247863,0.923076923076923,0.07692307692307687,-0.1367521367521367,False,False,False,False,False
E-8__to__E-10,E-8,E-10,E,185,199,1.7037037037037037,0.9340659340659341,1632355.5,7.496357440948486,13,10,3,0.3,0.9641025641025641,0.9948717948717949,0.8358974358974359,0.9641025641025641,-0.03076923076923077,-0.1282051282051282,False,False,False,False,False
E-8__to__E-12,E-8,E-12,E,186,200,1.7037037037037037,0.9725274725274725,1673164.375,7.49598503112793,13,11,4,0.36363636363636365,0.3263888888888889,0.7256944444444444,0.3263888888888889,0.8159722222222222,-0.3993055555555555,-0.4895833333333333,False,False,False,False,False
E-8__to__E-6,E-8,E-6,E,187,202,1.7037037037037037,1.0,1606237.875,7.788262367248535,12,10,2,0.2,0.9743589743589743,0.9743589743589743,0.9743589743589745,0.9743589743589743,0.0,1.1102230246251565e-16,False,False,False,False,False
E-9__to__E-1,E-9,E-1,E,188,203,1.7037037037037037,0.989010989010989,1673164.375,7.767625331878662,13,11,4,0.36363636363636365,0.40972222222222227,0.7222222222222221,0.4583333333333333,0.40972222222222227,-0.31249999999999983,0.04861111111111105,False,False,False,False,False
E-9__to__E-13,E-9,E-13,E,189,204,1.7037037037037037,1.0,5888742.0,7722293.5,13,12,4,0.3333333333333333,0.43707482993197283,0.4353741496598639,0.43707482993197283,0.29591836734693877,0.0017006802721089564,0.14115646258503406,True,False,False,False,True
E-9__to__E-8,E-9,E-8,E,190,205,1.7037037037037037,0.989010989010989,1673164.375,8.603758811950684,13,10,6,0.6,0.39639639639639634,0.16666666666666663,0.5945945945945945,0.39639639639639634,0.22972972972972971,0.19819819819819817,True,False,False,False,False
E-7__to__E-10,E-7,E-10,E,191,207,1.6923076923076925,0.9822485207100592,1632355.5,7.931112289428711,13,10,3,0.3,0.882051282051282,0.9487179487179487,0.9641025641025641,0.882051282051282,-0.06666666666666665,0.08205128205128209,False,False,False,False,False
E-7__to__E-9,E-7,E-9,E,192,208,1.6923076923076925,1.0,1673164.375,7.589479446411133,12,9,4,0.4444444444444444,0.7285714285714285,0.7,0.7285714285714285,0.692857142857143,0.02857142857142858,0.03571428571428559,True,False,True,False,False
P-2__to__P-1,P-2,P-1,P,193,209,1.6923076923076925,0.9940828402366865,5620945.5,15444591.0,13,16,6,0.375,0.6416040100250626,0.4799498746867168,0.6416040100250626,0.5100250626566416,0.16165413533834583,0.13157894736842102,True,False,False,False,True
P-2__to__P-4,P-2,P-4,P,194,210,1.6923076923076925,0.9822485207100592,17.28266716003418,7.075342655181885,12,21,5,0.23809523809523808,0.75,0.75,0.75,0.875,0.0,-0.125,False,False,False,False,True
P-7__to__P-2,P-7,P-2,P,195,211,1.6923076923076925,1.0,1912185.375,12.835758209228516,12,9,8,0.8888888888888888,0.9583333333333334,0.9910714285714285,0.9583333333333334,0.9940476190476191,-0.03273809523809512,-0.0357142857142857,False,False,False,False,False
D-11__to__D-3,D-11,D-3,D,196,213,1.6666666666666665,0.9444444444444444,2488351.0,19.161602020263672,13,11,10,0.9090909090909091,0.046511627906976744,0.046511627906976744,1.0,0.046511627906976744,0.0,0.9534883720930233,False,False,False,False,False
D-5__to__D-11,D-5,D-11,D,197,387,1.6666666666666665,0.9166666666666666,8623502.0,18.911237716674805,11,12,2,0.16666666666666666,0.0,0.0,0.0,1.0,0.0,-1.0,False,False,False,False,True
G-2__to__G-1,G-2,G-1,G,198,214,1.652173913043478,0.9696969696969696,6.798142910003662,7.052597999572754,13,14,2,0.14285714285714285,0.3888888888888889,0.1481481481481482,0.3888888888888889,0.16666666666666669,0.2407407407407407,0.2222222222222222,True,False,False,False,True
G-2__to__G-7,G-2,G-7,G,199,215,1.652173913043478,1.0,19424310.0,18.10982894897461,12,16,3,0.1875,0.9798850574712643,0.6896551724137931,0.9798850574712643,0.028735632183908046,0.29022988505747116,0.9511494252873562,True,False,False,True,True
D-3__to__D-13,D-3,D-13,D,200,391,1.5555555555555554,1.0,116992128.0,19.252473831176758,11,9,2,0.2222222222222222,0.25,0.25,0.75,0.25,0.0,0.5,False,False,False,False,False
E-1__to__E-8,E-1,E-8,E,201,216,1.5555555555555554,0.8846153846153847,1673164.375,8.63644027709961,13,10,6,0.6,0.44144144144144143,0.5045045045045045,0.44144144144144143,0.6801801801801801,-0.06306306306306303,-0.2387387387387387,False,False,False,False,False
E-12__to__E-13,E-12,E-13,E,202,217,1.5555555555555554,0.9340659340659341,5888742.0,7722293.5,13,12,4,0.3333333333333333,0.5459183673469388,0.5272108843537415,0.5459183673469388,0.336734693877551,0.018707482993197244,0.20918367346938777,True,False,False,False,True
E-12__to__E-8,E-12,E-8,E,203,218,1.5555555555555554,0.8791208791208792,1673164.375,8.614112854003906,13,10,6,0.6,0.7117117117117118,0.7477477477477478,0.7522522522522522,0.7117117117117118,-0.036036036036036,0.04054054054054046,False,False,False,False,False
E-12__to__E-9,E-12,E-9,E,204,219,1.5555555555555554,0.9725274725274725,1673164.375,7.7159600257873535,12,9,4,0.4444444444444444,0.7071428571428571,0.7,0.7071428571428571,0.26428571428571423,0.0071428571428571175,0.44285714285714284,True,False,True,False,False
E-13__to__E-10,E-13,E-10,E,205,220,1.5555555555555554,0.9120879120879121,1632353.125,7.616955280303955,13,10,3,0.3,0.8512820512820513,0.9128205128205129,0.841025641025641,0.8512820512820513,-0.06153846153846165,-0.01025641025641022,False,False,False,False,False
E-13__to__E-9,E-13,E-9,E,206,221,1.5555555555555554,0.9835164835164836,1673162.0,8.281692504882812,12,9,4,0.4444444444444444,0.9142857142857144,0.24285714285714285,0.9142857142857144,0.7142857142857142,0.6714285714285715,0.20000000000000018,True,False,True,False,False
E-3__to__E-10,E-3,E-10,E,207,222,1.5555555555555554,0.9780219780219781,1632355.5,7.5698652267456055,13,10,3,0.3,0.2512820512820513,0.9384615384615385,0.2512820512820513,0.9794871794871796,-0.6871794871794872,-0.7282051282051283,False,False,False,False,False
E-3__to__E-5,E-3,E-5,E,208,223,1.5555555555555554,0.989010989010989,1659336.5,8.277803421020508,12,9,3,0.3333333333333333,0.45714285714285713,0.4714285714285714,0.45714285714285713,0.6428571428571429,-0.01428571428571429,-0.18571428571428578,False,False,False,False,False
E-3__to__E-6,E-3,E-6,E,209,224,1.5555555555555554,0.9725274725274725,1606237.875,7.936747074127197,12,10,2,0.2,0.8974358974358975,0.9743589743589743,0.5128205128205128,0.8974358974358975,-0.07692307692307687,-0.3846153846153847,False,False,False,False,False
E-3__to__E-8,E-3,E-8,E,210,225,1.5555555555555554,0.9340659340659341,1673164.375,8.197972297668457,13,10,6,0.6,0.9009009009009009,0.5180180180180181,0.7882882882882882,0.9009009009009009,0.38288288288288286,-0.11261261261261268,False,False,False,False,False
E-6__to__E-5,E-6,E-5,E,211,226,1.5555555555555554,0.8736263736263736,1659336.5,8.180034637451172,12,9,3,0.3333333333333333,0.48571428571428565,0.4928571428571429,0.3928571428571429,0.48571428571428565,-0.0071428571428572285,-0.09285714285714275,False,False,False,False,False
E-6__to__E-8,E-6,E-8,E,212,227,1.5555555555555554,0.9395604395604396,1673164.375,8.749655723571777,13,10,6,0.6,0.7387387387387387,0.5090090090090089,0.6396396396396398,0.7387387387387387,0.22972972972972983,-0.09909909909909898,False,False,False,False,False
E-8__to__E-1,E-8,E-1,E,213,228,1.5555555555555554,0.9670329670329672,1673164.375,7.474045276641846,13,11,4,0.36363636363636365,0.6840277777777778,0.7187500000000001,0.6840277777777778,0.8194444444444444,-0.03472222222222232,-0.13541666666666663,False,False,False,False,False
G-6__to__G-2,G-6,G-2,G,214,230,1.5555555555555554,0.9395604395604397,3263486.5,10.544661521911621,11,13,1,0.07692307692307693,0.49000000000000005,0.6300000000000001,0.49000000000000005,0.88,-0.14000000000000007,-0.38999999999999996,False,False,False,False,True
D-1__to__D-8,D-1,D-8,D,215,231,1.5384615384615383,0.8994082840236687,1693749.875,18.473548889160156,12,13,2,0.15384615384615385,0.5,0.5,0.5,0.5,0.0,0.0,False,False,False,False,True
E-7__to__E-5,E-7,E-5,E,216,232,1.5384615384615383,0.9526627218934912,1659336.5,7.869602203369141,12,9,3,0.3333333333333333,0.5714285714285714,0.4571428571428572,0.5857142857142857,0.5714285714285714,0.11428571428571421,0.014285714285714346,True,False,False,False,False
P-3__to__P-2,P-3,P-2,P,217,233,1.5384615384615383,1.0,1912187.875,7.953619480133057,12,9,8,0.8888888888888888,0.27976190476190477,0.9464285714285714,0.7142857142857143,0.27976190476190477,-0.6666666666666666,0.43452380952380953,False,False,False,False,False
D-11__to__D-8,D-11,D-8,D,218,234,1.5,1.0,1693751.625,5.2943220138549805,12,13,2,0.15384615384615385,0.5,0.5,0.5,0.5,0.0,0.0,False,False,False,False,False
G-3__to__G-1,G-3,G-1,G,219,236,1.5,1.0,3.8721275329589844,8.39739990234375,13,14,2,0.14285714285714285,0.0,0.1111111111111111,0.0,0.2222222222222222,-0.1111111111111111,-0.2222222222222222,False,False,False,False,True
E-2__to__E-5,E-2,E-5,E,220,237,1.4074074074074074,0.9340659340659341,1659336.5,8.372514724731445,12,9,3,0.3333333333333333,0.45714285714285713,0.5,0.4928571428571429,0.45714285714285713,-0.04285714285714287,0.035714285714285754,False,False,False,False,False
E-2__to__E-8,E-2,E-8,E,221,238,1.4074074074074074,0.9395604395604396,1673164.375,8.285135269165039,13,10,6,0.6,0.5855855855855856,0.536036036036036,0.8018018018018018,0.5855855855855856,0.0495495495495496,0.21621621621621623,True,False,False,False,False
E-2__to__E-9,E-2,E-9,E,222,239,1.4074074074074074,0.9175824175824175,1673164.375,8.105987548828125,12,9,4,0.4444444444444444,0.7000000000000001,0.27142857142857146,0.7000000000000001,0.6928571428571428,0.4285714285714286,0.0071428571428572285,True,False,True,False,False
E-3__to__E-9,E-3,E-9,E,223,240,1.4074074074074074,0.9615384615384615,1673164.375,7.941355228424072,12,9,4,0.4444444444444444,0.30714285714285716,0.34285714285714286,0.30714285714285716,0.24285714285714283,-0.0357142857142857,0.06428571428571433,False,False,True,False,False
E-4__to__E-12,E-4,E-12,E,224,241,1.4074074074074074,0.9670329670329669,1673164.375,7.492879390716553,13,11,4,0.36363636363636365,0.6979166666666667,0.7743055555555556,0.6979166666666667,0.5555555555555556,-0.07638888888888884,0.14236111111111116,False,False,False,False,False
E-6__to__E-13,E-6,E-13,E,225,242,1.4074074074074074,0.9120879120879121,5888742.0,7722293.5,13,12,4,0.3333333333333333,0.3928571428571429,0.6224489795918368,0.3928571428571429,0.5544217687074829,-0.22959183673469385,-0.16156462585034004,False,False,False,False,True
E-6__to__E-9,E-6,E-9,E,226,243,1.4074074074074074,0.9010989010989011,1673164.375,7.9254937171936035,12,9,4,0.4444444444444444,0.7071428571428571,0.5142857142857142,0.7071428571428571,0.24285714285714285,0.19285714285714284,0.4642857142857142,True,False,True,False,False
E-9__to__E-11,E-9,E-11,E,227,244,1.4074074074074074,0.9615384615384615,1619191.375,7.7859978675842285,13,11,4,0.36363636363636365,0.825,0.6687500000000001,0.825,0.9812500000000001,0.1562499999999999,-0.1562500000000001,False,False,False,False,False
A-5__to__A-2,A-5,A-2,A,228,245,1.3333333333333335,0.6666666666666667,11.461966514587402,11.270186424255371,12,12,2,0.16666666666666666,0.74,0.43,0.74,0.48,0.31,0.26,True,False,False,False,True
A-5__to__A-4,A-5,A-4,A,229,246,1.3333333333333335,1.0,11.50252914428711,13.160634994506836,12,13,1,0.07692307692307693,0.3173076923076923,0.2884615384615385,0.3173076923076923,0.25,0.0288461538461538,0.06730769230769229,True,False,False,False,True
A-8__to__A-2,A-8,A-2,A,230,248,1.3333333333333335,0.888888888888889,19.27220916748047,18.048847198486328,12,12,2,0.16666666666666666,0.6699999999999999,0.46,0.6699999999999999,0.5700000000000001,0.2099999999999999,0.09999999999999987,True,False,False,True,True
A-8__to__A-3,A-8,A-3,A,231,249,1.3333333333333335,1.0,18.62076759338379,17.791257858276367,12,13,3,0.23076923076923078,0.8076923076923077,0.13461538461538458,0.8076923076923077,0.7788461538461539,0.6730769230769231,0.028846153846153855,True,True,False,True,True
A-8__to__A-5,A-8,A-5,A,232,250,1.3333333333333335,1.0,14082.7734375,14.606633186340332,8,8,1,0.125,0.5,0.5,0.5,0.5,0.0,0.0,False,False,False,False,False
A-9__to__A-3,A-9,A-3,A,233,251,1.3333333333333335,1.0,18.619110107421875,17.788536071777344,12,13,3,0.23076923076923078,0.8942307692307693,0.18269230769230765,0.8942307692307693,0.21153846153846156,0.7115384615384617,0.6826923076923077,True,True,False,True,True
D-2__to__D-3,D-2,D-3,D,234,401,1.259259259259259,0.9120879120879122,2488351.0,7.6378936767578125,13,11,10,0.9090909090909091,0.3488372093023256,0.046511627906976744,0.046511627906976744,0.3488372093023256,0.3023255813953488,-0.3023255813953488,False,False,False,False,False
E-10__to__E-8,E-10,E-8,E,235,253,1.259259259259259,0.6648351648351649,1673164.375,8.614713668823242,13,10,6,0.6,0.8153153153153153,0.7297297297297297,0.7117117117117117,0.8153153153153153,0.0855855855855856,-0.10360360360360366,False,False,False,False,False
E-13__to__E-8,E-13,E-8,E,236,254,1.259259259259259,0.9285714285714286,1673162.0,8.47155475616455,13,10,6,0.6,0.8153153153153153,0.5180180180180181,0.8153153153153153,0.7927927927927928,0.29729729729729726,0.022522522522522515,True,False,False,False,False
E-3__to__E-11,E-3,E-11,E,237,255,1.259259259259259,0.9615384615384616,1619191.375,7.565664768218994,13,11,4,0.36363636363636365,0.5125,0.9187500000000001,0.78125,0.5125,-0.4062500000000001,0.26875000000000004,False,False,False,False,False
E-3__to__E-12,E-3,E-12,E,238,256,1.259259259259259,0.923076923076923,1673164.375,7.567949295043945,13,11,4,0.36363636363636365,0.6979166666666666,0.7951388888888888,0.6041666666666666,0.6979166666666666,-0.09722222222222221,-0.09375,False,False,False,False,False
E-4__to__E-8,E-4,E-8,E,239,257,1.259259259259259,0.8516483516483516,1673164.375,8.365833282470703,13,10,6,0.6,0.8828828828828829,0.7657657657657657,0.8828828828828829,0.5585585585585585,0.11711711711711714,0.32432432432432434,True,False,False,False,False
E-5__to__E-13,E-5,E-13,E,240,258,1.259259259259259,0.8901098901098901,5888742.0,7722293.5,13,12,4,0.3333333333333333,0.4217687074829932,0.673469387755102,0.4217687074829932,0.39115646258503406,-0.2517006802721088,0.030612244897959162,False,False,False,False,True
A-2__to__A-3,A-2,A-3,A,241,259,1.1666666666666665,0.8541666666666666,1.8932970762252808,6.121899604797363,12,13,3,0.23076923076923078,0.8461538461538461,0.5384615384615384,0.8461538461538461,0.6153846153846154,0.3076923076923077,0.23076923076923073,True,False,False,False,False
D-7__to__D-3,D-7,D-3,D,242,404,1.1666666666666665,0.9652777777777778,2488348.75,7.389209747314453,13,11,10,0.9090909090909091,0.046511627906976744,0.046511627906976744,0.046511627906976744,0.046511627906976744,0.0,0.0,False,False,False,False,False
E-10__to__E-13,E-10,E-13,E,243,260,1.1111111111111112,0.9285714285714286,5888742.0,7722293.5,13,12,4,0.3333333333333333,0.596938775510204,0.4965986394557823,0.596938775510204,0.31632653061224486,0.10034013605442171,0.28061224489795916,True,False,False,False,True
E-11__to__E-12,E-11,E-12,E,244,261,1.1111111111111112,0.6868131868131868,1673164.375,7.720698356628418,13,11,4,0.36363636363636365,0.35416666666666663,0.7465277777777777,0.5208333333333333,0.35416666666666663,-0.39236111111111105,0.16666666666666663,False,False,False,False,False
E-13__to__E-1,E-13,E-1,E,245,262,1.1111111111111112,0.8296703296703297,1673162.0,7.599595546722412,13,11,4,0.36363636363636365,0.7847222222222222,0.8229166666666666,0.3715277777777778,0.7847222222222222,-0.03819444444444442,-0.4131944444444444,False,False,False,False,False
E-2__to__E-12,E-2,E-12,E,246,263,1.1111111111111112,0.8571428571428571,1673164.375,7.457530498504639,13,11,4,0.36363636363636365,0.8506944444444444,0.7118055555555556,0.8506944444444444,0.2638888888888889,0.13888888888888884,0.5868055555555556,True,False,False,False,False
E-5__to__E-12,E-5,E-12,E,247,264,1.1111111111111112,0.7417582417582418,1673164.375,7.476752281188965,13,11,4,0.36363636363636365,0.3368055555555556,0.7986111111111112,0.5520833333333334,0.3368055555555556,-0.4618055555555556,0.2152777777777778,False,False,False,False,False
F-1__to__F-3,F-1,F-3,F,248,265,1.076923076923077,0.9940828402366865,1593490.0,10.245617866516113,12,10,2,0.2,0.0,0.0,1.0,0.0,0.0,1.0,False,False,False,False,False
A-3__to__A-2,A-3,A-2,A,249,266,1.04,0.8717948717948717,4.085537910461426,5.7377028465271,12,12,2,0.16666666666666666,0.33999999999999997,0.08000000000000002,0.33999999999999997,0.86,0.25999999999999995,-0.52,False,False,False,False,False
A-2__to__A-4,A-2,A-4,A,250,267,1.0,0.7847222222222221,3.257223129272461,7.53425407409668,12,13,1,0.07692307692307693,0.9134615384615384,0.6634615384615385,0.4423076923076923,0.9134615384615384,0.2499999999999999,-0.47115384615384615,False,False,False,False,True
E-10__to__E-12,E-10,E-12,E,251,268,0.9629629629629628,0.6978021978021978,1673164.375,7.7219648361206055,13,11,4,0.36363636363636365,0.3125,0.7847222222222222,0.3715277777777778,0.3125,-0.4722222222222222,0.05902777777777779,False,False,False,False,False
E-11__to__E-5,E-11,E-5,E,252,269,0.9629629629629628,0.9175824175824177,1659336.5,7.987890243530273,12,9,3,0.3333333333333333,0.5785714285714285,0.3857142857142857,0.4857142857142857,0.5785714285714285,0.19285714285714284,-0.0928571428571428,False,False,False,False,False
E-13__to__E-5,E-13,E-5,E,253,270,0.9629629629629628,0.8846153846153846,1659334.125,8.493721961975098,12,9,3,0.3333333333333333,0.4357142857142857,0.4357142857142857,0.40714285714285714,0.4357142857142857,0.0,-0.02857142857142858,False,False,False,False,False
E-3__to__E-1,E-3,E-1,E,254,271,0.9629629629629628,0.8681318681318682,1673164.375,7.546417236328125,13,11,4,0.36363636363636365,0.6493055555555556,0.7638888888888888,0.6597222222222222,0.6493055555555556,-0.11458333333333326,0.01041666666666663,False,False,False,False,False
E-4__to__E-5,E-4,E-5,E,255,272,0.9629629629629628,0.9175824175824177,1659336.5,8.466913223266602,12,9,3,0.3333333333333333,0.48571428571428565,0.4857142857142857,0.35,0.48571428571428565,-5.551115123125783e-17,-0.13571428571428568,False,False,False,False,False
E-5__to__E-1,E-5,E-1,E,256,273,0.9629629629629628,0.7197802197802198,1673164.375,7.454744815826416,13,11,4,0.36363636363636365,0.6631944444444444,0.777777777777778,0.7152777777777778,0.6631944444444444,-0.11458333333333359,0.05208333333333337,False,False,False,False,False
E-8__to__E-11,E-8,E-11,E,257,274,0.9629629629629628,0.9175824175824175,1619191.375,7.496083736419678,13,11,4,0.36363636363636365,0.68125,0.9874999999999999,0.68125,0.83125,-0.3062499999999999,-0.15000000000000002,False,False,False,False,False
E-1__to__E-11,E-1,E-11,E,258,406,0.8148148148148149,0.6593406593406594,1619191.375,7.748822212219238,13,11,4,0.36363636363636365,0.825,0.9750000000000001,0.81875,0.825,-0.15000000000000013,-0.006249999999999978,False,False,False,False,False
E-1__to__E-13,E-1,E-13,E,259,407,0.8148148148148149,0.7637362637362637,5888742.0,7722293.5,13,12,4,0.3333333333333333,0.5629251700680271,0.6326530612244898,0.4200680272108844,0.5629251700680271,-0.06972789115646272,-0.14285714285714274,False,False,False,False,True
E-11__to__E-1,E-11,E-1,E,260,276,0.8148148148148149,0.6373626373626374,1673164.375,7.702699184417725,13,11,4,0.36363636363636365,0.6423611111111112,0.5138888888888888,0.7986111111111112,0.6423611111111112,0.12847222222222232,0.15625,True,False,False,False,False
E-11__to__E-13,E-11,E-13,E,261,277,0.8148148148148149,0.7857142857142857,5888742.0,7722293.5,13,12,4,0.3333333333333333,0.47108843537414963,0.6122448979591837,0.47108843537414963,0.6054421768707482,-0.14115646258503406,-0.13435374149659857,False,False,False,False,True
E-13__to__E-11,E-13,E-11,E,262,278,0.8148148148148149,0.8901098901098901,1619189.0,7.616308689117432,13,11,4,0.36363636363636365,0.8,0.8875000000000001,0.8625,0.8,-0.08750000000000002,0.0625,False,False,False,False,False
E-13__to__E-12,E-13,E-12,E,263,279,0.8148148148148149,0.8076923076923078,1673162.0,7.6151251792907715,13,11,4,0.36363636363636365,0.23958333333333331,0.8125,0.33333333333333337,0.23958333333333331,-0.5729166666666667,0.09375000000000006,False,False,False,False,False
E-2__to__E-1,E-2,E-1,E,264,280,0.8148148148148149,0.7802197802197802,1673164.375,7.437228202819824,13,11,4,0.36363636363636365,0.6701388888888888,0.732638888888889,0.6701388888888888,0.607638888888889,-0.06250000000000011,0.06249999999999989,False,False,False,False,False
E-2__to__E-10,E-2,E-10,E,265,281,0.8148148148148149,0.7967032967032966,1632355.5,7.458463191986084,13,10,3,0.3,0.764102564102564,0.9794871794871796,0.764102564102564,0.8153846153846154,-0.2153846153846155,-0.05128205128205132,False,False,False,False,False
E-4__to__E-1,E-4,E-1,E,266,282,0.8148148148148149,0.8736263736263736,1673164.375,7.473147869110107,13,11,4,0.36363636363636365,0.7291666666666666,0.7569444444444445,0.638888888888889,0.7291666666666666,-0.0277777777777779,-0.09027777777777768,False,False,False,False,False
E-4__to__E-10,E-4,E-10,E,267,283,0.8148148148148149,0.8571428571428572,1632355.5,7.495188236236572,13,10,3,0.3,0.158974358974359,0.9948717948717949,0.158974358974359,0.8461538461538461,-0.8358974358974359,-0.6871794871794872,False,False,False,False,False
D-1__to__D-3,D-1,D-3,D,268,284,0.7692307692307692,0.6627218934911242,2488349.5,8.657532691955566,13,11,10,0.9090909090909091,0.09302325581395349,0.046511627906976744,0.9534883720930233,0.09302325581395349,0.046511627906976744,0.8604651162790697,True,False,False,False,False
A-6__to__A-3,A-6,A-3,A,269,286,0.6666666666666665,0.7777777777777779,10.725619316101074,10.956727027893066,12,13,3,0.23076923076923078,0.625,0.673076923076923,0.7403846153846154,0.625,-0.04807692307692302,0.11538461538461542,False,False,False,False,True
A-6__to__A-4,A-6,A-4,A,270,287,0.6666666666666665,0.888888888888889,11.260611534118652,13.11893367767334,12,13,1,0.07692307692307693,0.6057692307692308,0.5576923076923077,0.6057692307692308,0.2692307692307693,0.04807692307692313,0.33653846153846156,True,False,False,False,True
E-10__to__E-11,E-10,E-11,E,271,288,0.6666666666666665,0.5989010989010989,1619191.375,7.721975326538086,13,11,4,0.36363636363636365,0.6812499999999999,0.98125,0.96875,0.6812499999999999,-0.30000000000000004,0.2875000000000001,False,False,False,False,False
E-10__to__E-5,E-10,E-5,E,272,289,0.6666666666666665,0.8186813186813188,1659336.5,7.988183498382568,12,9,3,0.3333333333333333,0.45,0.4714285714285714,0.675,0.45,-0.021428571428571408,0.22500000000000003,False,False,False,False,False
E-12__to__E-11,E-12,E-11,E,273,290,0.6666666666666665,0.6098901098901099,1619191.375,7.720644950866699,13,11,4,0.36363636363636365,0.81875,0.9125,0.81875,0.84375,-0.09375,-0.025000000000000022,False,False,False,False,False
E-4__to__E-11,E-4,E-11,E,274,291,0.6666666666666665,0.7747252747252747,1619191.375,7.494241714477539,13,11,4,0.36363636363636365,0.84375,0.9750000000000001,0.84375,0.85625,-0.1312500000000001,-0.012499999999999956,False,False,False,False,False
E-8__to__E-9,E-8,E-9,E,275,292,0.6666666666666665,0.8461538461538463,1673164.375,8.103423118591309,12,9,4,0.4444444444444444,0.3214285714285714,0.35,0.3214285714285714,0.8071428571428572,-0.02857142857142858,-0.48571428571428577,False,False,False,False,False
A-4__to__A-2,A-4,A-2,A,276,293,0.56,0.7564102564102564,3.0540006160736084,6.0160908699035645,12,12,2,0.16666666666666666,0.53,0.19,0.48,0.53,0.34,-0.050000000000000044,False,False,False,False,False
A-4__to__A-3,A-4,A-3,A,277,294,0.56,0.7243589743589743,1.8039827346801758,5.918957710266113,12,13,3,0.23076923076923078,0.6153846153846154,0.6442307692307693,0.8557692307692308,0.6153846153846154,-0.028846153846153855,0.24038461538461542,False,False,False,False,False
E-1__to__E-10,E-1,E-10,E,278,410,0.5185185185185186,0.6978021978021979,1632355.5,7.749735355377197,13,10,3,0.3,0.5076923076923077,0.9897435897435897,0.5076923076923077,0.08205128205128204,-0.482051282051282,0.4256410256410256,False,False,False,False,False
E-1__to__E-12,E-1,E-12,E,279,411,0.5185185185185186,0.6813186813186813,1673164.375,7.748837947845459,13,11,4,0.36363636363636365,0.25,0.8090277777777777,0.3055555555555555,0.25,-0.5590277777777777,0.055555555555555525,False,False,False,False,False
E-12__to__E-5,E-12,E-5,E,280,306,0.5185185185185186,0.7637362637362637,1659336.5,7.987364292144775,12,9,3,0.3333333333333333,0.4071428571428572,0.35714285714285715,0.45,0.4071428571428572,0.050000000000000044,0.042857142857142816,True,False,False,False,False
E-4__to__E-9,E-4,E-9,E,281,307,0.5185185185185186,0.7692307692307693,1673164.375,8.213891983032227,12,9,4,0.4444444444444444,0.3142857142857143,0.7,0.3142857142857143,0.19285714285714287,-0.3857142857142857,0.12142857142857141,False,False,False,False,False
E-11__to__E-10,E-11,E-10,E,282,308,0.37037037037037024,0.7362637362637362,1632355.5,7.7222700119018555,13,10,3,0.3,0.8512820512820513,0.7897435897435898,0.8512820512820513,0.8615384615384616,0.06153846153846143,-0.010256410256410331,False,False,False,False,False
E-5__to__E-10,E-5,E-10,E,283,309,0.37037037037037024,0.6043956043956045,1632355.5,7.477197170257568,13,10,3,0.3,0.7897435897435898,0.958974358974359,0.7897435897435898,0.8461538461538461,-0.16923076923076918,-0.05641025641025632,False,False,False,False,False
A-3__to__A-4,A-3,A-4,A,284,310,0.2400000000000002,0.5897435897435898,4.349374771118164,7.105845928192139,12,13,1,0.07692307692307693,0.4230769230769231,0.5480769230769231,0.4230769230769231,0.75,-0.12500000000000006,-0.3269230769230769,False,False,False,False,False
E-1__to__E-5,E-1,E-5,E,285,413,0.22222222222222232,0.6538461538461539,1659336.5,8.037623405456543,12,9,3,0.3333333333333333,0.5714285714285714,0.4714285714285714,0.44285714285714284,0.5714285714285714,0.09999999999999998,-0.12857142857142856,False,False,False,False,False
E-10__to__E-1,E-10,E-1,E,286,414,0.22222222222222232,0.6098901098901099,1673164.375,7.703304290771484,13,11,4,0.36363636363636365,0.6805555555555556,0.7673611111111113,0.7152777777777778,0.6805555555555556,-0.08680555555555569,0.03472222222222221,False,False,False,False,False
E-12__to__E-10,E-12,E-10,E,287,415,0.22222222222222232,0.7197802197802198,1632355.5,7.722211837768555,13,10,3,0.3,0.8512820512820513,0.9435897435897436,0.9487179487179487,0.8512820512820513,-0.09230769230769231,0.09743589743589742,False,False,False,False,False
E-12__to__E-1,E-12,E-1,E,288,416,0.07407407407407396,0.5659340659340659,1673164.375,7.702653408050537,13,11,4,0.36363636363636365,0.8020833333333334,0.6979166666666666,0.6944444444444444,0.8020833333333334,0.10416666666666674,-0.10763888888888895,False,False,False,False,False
E-5__to__E-11,E-5,E-11,E,289,417,0.07407407407407396,0.478021978021978,1619191.375,7.476783275604248,13,11,4,0.36363636363636365,0.76875,0.93125,0.76875,0.85625,-0.16249999999999998,-0.08749999999999991,False,False,False,False,False
D-4__to__D-3,D-4,D-3,D,290,418,0.0,0.46153846153846156,2488351.0,7.813265800476074,13,11,10,0.9090909090909091,0.046511627906976744,0.046511627906976744,0.8372093023255814,0.046511627906976744,0.0,0.7906976744186047,False,False,False,False,False
D-5__to__D-3,D-5,D-3,D,291,419,0.0,0.4930555555555556,2488351.0,9.901684761047363,13,11,10,0.9090909090909091,0.046511627906976744,0.046511627906976744,0.11627906976744186,0.046511627906976744,0.0,0.06976744186046512,False,False,False,False,False
D-6__to__D-3,D-6,D-3,D,292,421,0.0,0.5416666666666667,2488351.0,10.04670524597168,13,11,10,0.9090909090909091,0.0,0.046511627906976744,0.0,0.627906976744186,-0.046511627906976744,-0.627906976744186,False,False,False,False,False
E-2__to__E-11,E-2,E-11,E,293,422,0.0,0.3186813186813186,1619191.375,7.45817232131958,13,11,4,0.36363636363636365,0.9,0.9562499999999999,0.825,0.9,-0.05624999999999991,-0.07500000000000007,False,False,False,False,False
D-12__to__D-11,D-12,D-11,D,294,296,nan,nan,8623506.0,1.632525086402893,11,12,2,0.16666666666666666,0.9787234042553191,0.0,0.9787234042553191,0.5957446808510638,0.9787234042553191,0.3829787234042553,True,False,False,False,False
D-12__to__D-13,D-12,D-13,D,295,297,nan,nan,116992136.0,0.0,11,9,2,0.2222222222222222,0.25,0.75,0.25,0.25,-0.5,0.0,False,False,False,False,False
D-12__to__D-3,D-12,D-3,D,296,299,nan,nan,2488351.0,21.711322784423828,13,11,10,0.9090909090909091,0.0,0.0,0.023255813953488372,0.0,0.0,0.023255813953488372,False,False,False,False,False
D-12__to__D-5,D-12,D-5,D,297,301,nan,nan,5745996.5,18252708.0,11,10,1,0.1,0.9523809523809523,0.0,0.9523809523809523,0.9523809523809523,0.9523809523809523,0.0,False,False,False,False,False
D-12__to__D-6,D-12,D-6,D,298,302,nan,nan,5601120.0,8365822.0,12,11,2,0.18181818181818182,0.2272727272727273,0.11363636363636365,0.2272727272727273,0.40909090909090906,0.11363636363636365,-0.18181818181818177,False,False,False,False,False
D-12__to__D-8,D-12,D-8,D,299,304,nan,nan,1693751.625,0.47959497570991516,12,13,2,0.15384615384615385,0.5,0.5,0.5,0.5,0.0,0.0,False,False,False,False,False
